Profile,Controller,t_esc_s,W_mech_J,theta_os_rad,Sat_time_ms
Light,PID,3.61499999999995,1.72751094169677,0.0951701156228425,0
Light,MPC/MPPI,3.35499999999995,1.8329422822404,0.0289999588009939,0
Light,POMDP,3.70999999999994,1.61689063773161,0.00264098429422588,0
Nominal,PID,3.36499999999995,2.36248035935681,0.145952700126451,0
Nominal,MPC/MPPI,3.34499999999995,2.35485712935429,0.0282196128573651,0
Nominal,POMDP,3.71999999999994,1.9482935775983,0.00675587325372751,0
Severe,PID,3.42999999999995,3.27508034407821,0.210677736769527,0
Severe,MPC/MPPI,3.25999999999995,3.28961887874734,0.0442382047995271,0
Severe,POMDP,3.75499999999994,2.20763813286965,0.014229513450826,0
